model,accuracy,time,memory
RandomForestClassifier_ScikitLearn,0.6773315180394827,0.5685087,1336024
XGBoostClassifier_XGBoost,0.6705241660993874,1.9559796,1542936
DecisionTreeClassifier_BetaML,0.5867937372362151,2.7219287,645760352
MAGDS_sh_f0_w1_t0e5_e2_l1k_r1p1,0.5268890401633765,0.5229607,4320
MAGDS_sh_f0_w0_t0e5_e2_l1k_r1p1,0.5268890401633765,0.5365005,4352
MAGDS_sh_f1_w1_t0e5_e2_l1k_r1p1,0.5241660993873383,3.2431196,4576
MAGDS_sh_f1_w0_t0e5_e2_l1k_r1p1,0.5241660993873383,3.3292439,4320
MAGDS_sh_f1_w1_t0e5_e1_l1k_r1p1,0.5030633083730429,3.112398,5232
AdaBoostClassifier_ScikitLearn,0.4240980258679373,0.1780332,1328632
