model,accuracy,time,memory
XGBoostClassifier_XGBoost,0.6705241660993874,3.1135462,150542517
RandomForestClassifier_ScikitLearn,0.6691626957113683,0.8132207,27686826
DecisionTreeClassifier_BetaML,0.5881552076242342,6.33092,1220955972
AdaBoostClassifier_ScikitLearn,0.4240980258679373,0.2473271,7268132
MAGDS_sh_f1_w1_t0e5_e2_l1k_r1p1,-1.0,2.5488304,4616
MAGDS_sh_f0_w1_t0e5_e2_l1k_r1p1,-1.0,0.3359082,4336
MAGDS_sh_f1_w0_t0e5_e2_l1k_r1p1,-1.0,2.535037,4336
MAGDS_sh_f0_w0_t0e5_e2_l1k_r1p1,-1.0,0.335049,4616
MAGDS_sh_f1_w1_t0e5_e1_l1k_r1p1,-1.0,2.4474973,4336
