model,accuracy,time,memory
RandomForestClassifier_ScikitLearn,0.6780122532334922,0.576327,1335960
XGBoostClassifier_XGBoost,0.6705241660993874,1.9877919,1543416
DecisionTreeClassifier_BetaML,0.5881552076242342,2.53148,647212384
AdaBoostClassifier_ScikitLearn,0.4240980258679373,0.2354835,1329448
MAGDS_sh_f1_w1_t0e5_e2_l1k_r1p1,-1.0,2.9379704,4672
MAGDS_sh_f0_w1_t0e5_e2_l1k_r1p1,-1.0,0.3592787,9856
MAGDS_sh_f1_w0_t0e5_e2_l1k_r1p1,-1.0,2.8150818,77184
MAGDS_sh_f0_w0_t0e5_e2_l1k_r1p1,-1.0,0.4758256,10144
MAGDS_sh_f1_w1_t0e5_e1_l1k_r1p1,-1.0,2.9845943,77104
