model,accuracy,time,memory
MAGDS,0.6004084411164057,3.0845908,40
MAGDS_sh_f0_w1_t0e5_e2_l1k_r1p1,0.5268890401633765,0.5146669,40
MAGDS_sh_f0_w0_t0e5_e2_l1k_r1p1,0.5268890401633765,0.5194242,40
MAGDS_sh_f1_w1_t0e5_e2_l1k_r1p1,0.5241660993873383,2.89098,40
MAGDS_sh_f1_w0_t0e5_e2_l1k_r1p1,0.5241660993873383,2.8264517,40
MAGDS_sh_f1_w1_t0e5_e1_l1k_r1p1,0.5030633083730429,2.7504343,40
