model,accuracy,time,memory
RandomForestClassifier_ScikitLearn,0.6759700476514636,0.645316,1336024
XGBoostClassifier_XGBoost,0.6705241660993874,2.1355316,1682328
DecisionTreeClassifier_BetaML,0.5867937372362151,2.5479931,645759760
MAGDS_sh_f0_w1_t0e5_e2_l1k_r1p1,0.5268890401633765,0.5899683,4320
MAGDS_sh_f0_w0_t0e5_e2_l1k_r1p1,0.5268890401633765,0.601117,4352
MAGDS_sh_f1_w1_t0e5_e2_l1k_r1p1,0.5241660993873383,3.520293,4576
MAGDS_sh_f1_w0_t0e5_e2_l1k_r1p1,0.5241660993873383,3.6965176,4320
MAGDS_sh_f1_w1_t0e5_e1_l1k_r1p1,0.5030633083730429,3.368617,4352
AdaBoostClassifier_ScikitLearn,0.4240980258679373,0.195746,1328632
