model,nrmse,time,memory
MAGDS_sh_f1_w1_t0e5_e1_l1k_r1p1,0.8129099568530944,2.4483765,48
MAGDS_sh_f1_w1_t0e5_e2_l1k_r1p1,0.791429120637345,2.5650257,48
MAGDS_sh_f0_w1_t0e5_e2_l1k_r1p1,0.7788219099184384,0.3617636,48
MAGDS_sh_f1_w0_t0e5_e2_l1k_r1p1,0.7779624151239167,2.6068643,48
MAGDS_sh_f0_w0_t0e5_e2_l1k_r1p1,0.7766144776056116,0.3930136,48
MAGDS,0.6464078288345758,2.5367907,48
