model,rmse,time,memory
MAGDS_sh_f0_w0_t0e5_e2_l1k_r1p1,0.0019086493441232146,0.3517292,4512
MAGDS_sh_f0_w1_t0e5_e2_l1k_r1p1,0.0019086265165562362,0.3604271,4768
MAGDS_sh_f1_w1_t0e5_e1_l1k_r1p1,0.0015737982537878626,2.2515401,4544
MAGDS_sh_f1_w1_t0e5_e2_l1k_r1p1,0.0011127218141528225,2.5165751,929830
MAGDS_sh_f1_w0_t0e5_e2_l1k_r1p1,0.0011127215314649626,2.3081679,4512
AdaBoostRegressor_ScikitLearn,0.0008580200305349247,1.067208,126951000
DecisionTreeRegressor_BetaML,0.000710906429136116,1.8601069,608339812
XGBoostRegressor_XGBoost,0.00047928539269461866,1.6846329,268183694
RandomForestRegressor_ScikitLearn,0.00046591778665086553,2.6032988,211645738
