model,rmse,time,memory
DecisionTreeRegressor_BetaML,0.12137108145916696,1.8796135,762364361
AdaBoostRegressor_ScikitLearn,0.11619214427612941,0.8438106,126951687
MAGDS_sh_f1_w1_t0e5_e1_l1k_r1p1,0.1136089984430658,2.4293598,4360
MAGDS_sh_f1_w0_t0e5_e2_l1k_r1p1,0.10947065115237975,2.4358826,4328
MAGDS_sh_f1_w1_t0e5_e2_l1k_r1p1,0.10947026171595017,2.5445715,929646
MAGDS_sh_f0_w1_t0e5_e2_l1k_r1p1,0.10872586393120044,0.3573209,4584
MAGDS_sh_f0_w0_t0e5_e2_l1k_r1p1,0.10872586393120044,0.3604701,4328
XGBoostRegressor_XGBoost,0.08596815336680678,2.004956,269872415
RandomForestRegressor_ScikitLearn,0.0856592944022709,2.6931652,211736144
