model,accuracy,time,memory
RandomForestClassifier_ScikitLearn,0.6746085772634445,0.5553473,1336024
XGBoostClassifier_XGBoost,0.6705241660993874,1.9567921,1542792
DecisionTreeClassifier_BetaML,0.5867937372362151,2.3191141,645760944
MAGDS_sh_f0_w1_t0e5_e2_l1k_r1p1,0.5268890401633765,0.5942782,4688
MAGDS_sh_f0_w0_t0e5_e2_l1k_r1p1,0.5268890401633765,0.5299303,585704
MAGDS_sh_f1_w1_t0e5_e2_l1k_r1p1,0.5241660993873383,2.9496706,4496
MAGDS_sh_f1_w0_t0e5_e2_l1k_r1p1,0.5241660993873383,3.0022428,20984
MAGDS_sh_f1_w1_t0e5_e1_l1k_r1p1,0.5030633083730429,3.208121,48776
AdaBoostClassifier_ScikitLearn,0.4240980258679373,0.2570277,2661912
