model,rmse,time,memory
DecisionTreeRegressor_BetaML,0.12137108145916696,0.3573301,543685664
AdaBoostRegressor_ScikitLearn,0.11526958045086971,0.1164753,2450272
MAGDS_sh_f1_w1_t0e5_e1_l1k_r1p1,0.11380735101080776,2.8033165,4328
MAGDS_sh_f1_w1_t0e5_e2_l1k_r1p1,0.11079988879155353,2.7984015,4360
MAGDS_sh_f0_w1_t0e5_e2_l1k_r1p1,0.10903499170047752,0.4111301,4360
MAGDS_sh_f1_w0_t0e5_e2_l1k_r1p1,0.10891474105689666,2.8471667,143896
MAGDS_sh_f0_w0_t0e5_e2_l1k_r1p1,0.10872812479682413,0.4025714,4584
RandomForestRegressor_ScikitLearn,0.0861043125194389,1.580695,2456360
XGBoostRegressor_XGBoost,0.08596815336680678,0.4076422,2736224
