model,rmse,time,memory
MAGDS_sh_f0_w1_t0e5_e2_l1k_r1p1,0.9270472792538296,0.3708465,4352
MAGDS_sh_f0_w0_t0e5_e2_l1k_r1p1,0.9270405758886237,0.3703281,4576
MAGDS_sh_f1_w1_t0e5_e1_l1k_r1p1,0.8387919487186016,2.44693,4320
MAGDS_sh_f1_w0_t0e5_e2_l1k_r1p1,0.7438705359023088,2.4840299,4496
MAGDS_sh_f1_w1_t0e5_e2_l1k_r1p1,0.7438701519202886,2.5367353,4352
AdaBoostRegressor_ScikitLearn,0.5955764329795427,0.2232634,2450720
DecisionTreeRegressor_BetaML,0.4816394070439715,0.2848836,471044080
RandomForestRegressor_ScikitLearn,0.32896730130088125,1.3264497,2456360
XGBoostRegressor_XGBoost,0.31820364490137,0.4227944,8810063
