model,nrmse,time,memory
DecisionTreeRegressor_BetaML,0.8669362961369065,0.3418301,543697888
AdaBoostRegressor_ScikitLearn,0.8171587214396786,0.1125845,2463680
MAGDS_sh_f1_w1_t0e5_e1_l1k_r1p1,0.8129092853761409,2.6273263,48
MAGDS_sh_f1_w1_t0e5_e2_l1k_r1p1,0.7914291734292276,2.8125723,48
MAGDS_sh_f0_w1_t0e5_e2_l1k_r1p1,0.7788213692891248,0.3911744,48
MAGDS_sh_f1_w0_t0e5_e2_l1k_r1p1,0.7779624202128005,2.7472536,48
MAGDS_sh_f0_w0_t0e5_e2_l1k_r1p1,0.7766133137942884,0.3979312,48
XGBoostRegressor_XGBoost,0.6140582383343339,0.6260653,22413541
RandomForestRegressor_ScikitLearn,0.6111263494892689,1.6297045,2469800
