model,rmse,time,memory
DecisionTreeRegressor_BetaML,0.12137108145916696,0.3536043,543685072
AdaBoostRegressor_ScikitLearn,0.12077867946208098,0.2302701,2450272
MAGDS_sh_f1_w1_t0e5_e1_l1k_r1p1,0.11360900705143279,2.4284275,4328
MAGDS_sh_f1_w0_t0e5_e2_l1k_r1p1,0.10947062130582737,2.4723614,143896
MAGDS_sh_f1_w1_t0e5_e2_l1k_r1p1,0.10947059783127501,2.5183471,4360
MAGDS_sh_f0_w1_t0e5_e2_l1k_r1p1,0.10872440799905707,0.357946,4360
MAGDS_sh_f0_w0_t0e5_e2_l1k_r1p1,0.10872413940529795,0.3554136,4584
RandomForestRegressor_ScikitLearn,0.08718912258616406,1.5042945,2456360
XGBoostRegressor_XGBoost,0.08596815336680678,0.4234117,8810839
