model,rmse,time,memory
MAGDS_sh_f1_w1_t0e5_e1_l1k_r1p1,0.1472361517368086,2.4657217,4320
MAGDS_sh_f0_w0_t0e5_e2_l1k_r1p1,0.14289359851668854,0.3631589,4576
MAGDS_sh_f0_w1_t0e5_e2_l1k_r1p1,0.14288434316170848,0.3717304,4480
MAGDS_sh_f1_w1_t0e5_e2_l1k_r1p1,0.14123392482018007,2.6065871,4352
MAGDS_sh_f1_w0_t0e5_e2_l1k_r1p1,0.1412338318634575,2.4673596,143888
DecisionTreeRegressor_BetaML,0.13324234613901467,0.398561,518875104
AdaBoostRegressor_ScikitLearn,0.12898112346986684,0.2199311,2450272
RandomForestRegressor_ScikitLearn,0.09163163649827474,1.4431469,2456360
XGBoostRegressor_XGBoost,0.08537616702115361,0.4282934,8810671
