model,accuracy,time,memory
DecisionTreeClassifier_BetaML,0.9555555555555556,0.0039469,1191232
MAGDS_sh_f1_w1_t0e5_e2_l1k_r1p1,0.9555555555555556,0.0067474,4352
MAGDS_sh_f1_w0_t0e5_e2_l1k_r1p1,0.9555555555555556,0.0040369,4352
XGBoostClassifier_XGBoost,0.9333333333333333,0.0223944,168552
AdaBoostClassifier_ScikitLearn,0.9333333333333333,0.0526469,112760
RandomForestClassifier_ScikitLearn,0.9111111111111111,0.1038014,119704
MAGDS_sh_f1_w1_t0e5_e1_l1k_r1p1,0.9111111111111111,0.0047909,4352
MAGDS_sh_f0_w1_t0e5_e2_l1k_r1p1,0.8666666666666667,0.0028748,4352
MAGDS_sh_f0_w0_t0e5_e2_l1k_r1p1,0.8666666666666667,0.0030568,4352
