model,nrmse,time,memory
MAGDS_sh_f0_w1_t0e5_e2_l1k_r1p1,0.42910773330315766,0.0021164,48
MAGDS_sh_f0_w0_t0e5_e2_l1k_r1p1,0.41599153777076703,0.0019079,48
MAGDS_sh_f1_w1_t0e5_e1_l1k_r1p1,0.4097307528699664,0.0027227,48
MAGDS_sh_f1_w0_t0e5_e2_l1k_r1p1,0.3569370368816849,0.0031154,48
MAGDS_sh_f1_w1_t0e5_e2_l1k_r1p1,0.3440531621102115,0.0032868,48
MAGDS,0.30537867961046083,0.0208516,925190
