model,accuracy,time,memory
DecisionTreeClassifier_BetaML,0.9555555555555556,0.0038866,1191232
MAGDS_sh_f1_w1_t0e5_e2_l1k_r1p1,0.9555555555555556,0.0064215,4352
MAGDS_sh_f1_w0_t0e5_e2_l1k_r1p1,0.9555555555555556,0.0056048,4352
RandomForestClassifier_ScikitLearn,0.9333333333333333,0.1079064,119704
XGBoostClassifier_XGBoost,0.9333333333333333,0.0234742,168552
AdaBoostClassifier_ScikitLearn,0.9333333333333333,0.0610296,112760
MAGDS_sh_f1_w1_t0e5_e1_l1k_r1p1,0.9111111111111111,0.0046997,4352
MAGDS_sh_f0_w1_t0e5_e2_l1k_r1p1,0.8666666666666667,0.0040337,4352
MAGDS_sh_f0_w0_t0e5_e2_l1k_r1p1,0.8666666666666667,0.0039503,4352
