model,accuracy,time,memory
DecisionTreeClassifier_BetaML,0.9555555555555556,0.0074995,1191232
RandomForestClassifier_ScikitLearn,0.9555555555555556,0.1182692,119704
MAGDS_sh_f1_w1_t0e5_e2_l1k_r1p1,0.9555555555555556,0.0054334,4352
MAGDS_sh_f1_w0_t0e5_e2_l1k_r1p1,0.9555555555555556,0.0054089,4352
XGBoostClassifier_XGBoost,0.9333333333333333,0.0239538,168552
AdaBoostClassifier_ScikitLearn,0.9333333333333333,0.0597832,112760
MAGDS_sh_f1_w1_t0e5_e1_l1k_r1p1,0.9111111111111111,0.0045228,4352
MAGDS_sh_f0_w1_t0e5_e2_l1k_r1p1,0.8666666666666667,0.0036316,4352
MAGDS_sh_f0_w0_t0e5_e2_l1k_r1p1,0.8666666666666667,0.0035851,4352
