model,rmse,time,memory
DecisionTreeRegressor_BetaML,0.4460318872507262,0.0032741,1279776
sync_magds,0.3918243477149062,0.0035472,4168
XGBoostRegressor_XGBoost,0.3720843023031545,0.0211116,172440
async_magds,0.36627724419010066,0.0051697,4168
RandomForestRegressor_ScikitLearn,0.36313650250317614,0.1044009,128840
AdaBoostRegressor_ScikitLearn,0.3470899668442205,0.0444541,122272
NeuralNetworkRegressor_MLJFlux,0.33370910231194184,0.3334512,275933096
