model,accuracy,time,memory
NeuralNetworkClassifier_MLJFlux,1.0,6.7635665,836553512
MAGDS_t00001_e1_w1,0.9777777777777777,0.0208546,840556
MAGDS_t98_e2_w1,0.9777777777777777,0.0057721,4168
MAGDS_t00001_e1_w05,0.9777777777777777,0.0055734,4168
MAGDS_t98_e2_w05,0.9777777777777777,0.0068763,4168
DecisionTreeClassifier_BetaML,0.9555555555555556,0.0039274,1185968
XGBoostClassifier_XGBoost,0.9333333333333333,0.0223212,163288
AdaBoostClassifier_ScikitLearn,0.9333333333333333,0.0538205,107496
RandomForestClassifier_ScikitLearn,0.9111111111111111,0.1036731,114440
