model,rmse,time,memory
MAGDS_sh_f0_w1_t0e5_e2_l1k_r1p1,0.5149292799637892,0.00401,4360
MAGDS_sh_f0_w0_t0e5_e2_l1k_r1p1,0.4991898453249205,0.0030599,4360
MAGDS_sh_f1_w1_t0e5_e1_l1k_r1p1,0.49167690344395976,0.0038372,4360
DecisionTreeRegressor_BetaML,0.4460318872507262,0.0037334,1285040
MAGDS_sh_f1_w0_t0e5_e2_l1k_r1p1,0.4283244442580219,0.0043503,4360
MAGDS_sh_f1_w1_t0e5_e2_l1k_r1p1,0.41286379453225386,0.005138,4360
XGBoostRegressor_XGBoost,0.3720843023031545,0.0237658,177704
RandomForestRegressor_ScikitLearn,0.367791447144428,0.1087692,133656
AdaBoostRegressor_ScikitLearn,0.35518657428102296,0.0252107,127536
