model,rmse,time,memory
DecisionTreeRegressor_BetaML,0.4460318872507262,0.0030165,1279776
XGBoostRegressor_XGBoost,0.3720843023031545,0.0267167,172440
MAGDS_t98_e2_w1,0.36668633869125095,0.0045475,4168
MAGDS_t00001_e1_w1,0.36578862096885884,0.0222136,841436
MAGDS_t00001_e1_w05,0.36537852134327675,0.0053976,4168
MAGDS_t98_e2_w05,0.36537852134327675,0.0049713,4168
RandomForestRegressor_ScikitLearn,0.3590213849678001,0.1028359,128840
AdaBoostRegressor_ScikitLearn,0.3492414528152675,0.0468985,122272
NeuralNetworkRegressor_MLJFlux,0.32685697082837406,0.3344845,275680328
