model,accuracy,time,memory
MAGDS,0.9777777777777777,0.0043418,40
MAGDS_sh_f1_w1_t0e5_e2_l1k_r1p1,0.9555555555555556,0.004405,40
MAGDS_sh_f1_w0_t0e5_e2_l1k_r1p1,0.9555555555555556,0.003739,40
MAGDS_sh_f1_w1_t0e5_e1_l1k_r1p1,0.9111111111111111,0.0037974,40
MAGDS_sh_f0_w1_t0e5_e2_l1k_r1p1,0.8666666666666667,0.002223,40
MAGDS_sh_f0_w0_t0e5_e2_l1k_r1p1,0.8666666666666667,0.0023534,40
