model,accuracy,time,memory
NeuralNetworkClassifier_MLJFlux,1.0,7.8144842,836989752
async_magds,0.9777777777777777,0.0060022,4168
DecisionTreeClassifier_BetaML,0.9555555555555556,0.0043894,1185968
sync_magds,0.9555555555555556,0.0029425,4160
XGBoostClassifier_XGBoost,0.9333333333333333,0.021267,163288
AdaBoostClassifier_ScikitLearn,0.9333333333333333,0.0548848,107496
RandomForestClassifier_ScikitLearn,0.9111111111111111,0.1037514,114440
