model,accuracy,time,memory
DecisionTreeClassifier_BetaML,0.9555555555555556,0.0040622,1191232
RandomForestClassifier_ScikitLearn,0.9555555555555556,0.0991828,119704
MAGDS_sh_f1_w1_t0e5_e2_l1k_r1p1,0.9555555555555556,0.0049877,4352
MAGDS_sh_f1_w0_t0e5_e2_l1k_r1p1,0.9555555555555556,0.0040421,4352
XGBoostClassifier_XGBoost,0.9333333333333333,0.0223286,168552
AdaBoostClassifier_ScikitLearn,0.9333333333333333,0.0525722,112760
MAGDS_sh_f1_w1_t0e5_e1_l1k_r1p1,0.9111111111111111,0.0035656,4352
MAGDS_sh_f0_w1_t0e5_e2_l1k_r1p1,0.8666666666666667,0.0024933,4352
MAGDS_sh_f0_w0_t0e5_e2_l1k_r1p1,0.8666666666666667,0.0021876,4352
