model,accuracy,time,memory
DecisionTreeClassifier_BetaML,0.9555555555555556,0.0031336,1186928
MAGDS_sh_f1_w1_t0e5_e2_l1k_r1p1,0.9555555555555556,0.0041492,40
MAGDS_sh_f1_w0_t0e5_e2_l1k_r1p1,0.9555555555555556,0.0039193,40
RandomForestClassifier_ScikitLearn,0.9333333333333333,0.1052768,115400
XGBoostClassifier_XGBoost,0.9333333333333333,0.0231305,164248
AdaBoostClassifier_ScikitLearn,0.9333333333333333,0.0532383,108456
MAGDS_sh_f1_w1_t0e5_e1_l1k_r1p1,0.9111111111111111,0.0034444,40
MAGDS_sh_f0_w1_t0e5_e2_l1k_r1p1,0.8666666666666667,0.0023407,40
MAGDS_sh_f0_w0_t0e5_e2_l1k_r1p1,0.8666666666666667,0.0021531,40
