model,rmse,time,memory
MAGDS_sh_f0_w1_t0e5_e2_l1k_r1p1,0.5149292799637892,0.0032558,4360
MAGDS_sh_f0_w0_t0e5_e2_l1k_r1p1,0.4991898453249205,0.0035891,4360
MAGDS_sh_f1_w1_t0e5_e1_l1k_r1p1,0.49167690344395976,0.0037441,4360
DecisionTreeRegressor_BetaML,0.4460318872507262,0.0040527,1285040
MAGDS_sh_f1_w0_t0e5_e2_l1k_r1p1,0.4283244442580219,0.0039767,4360
MAGDS_sh_f1_w1_t0e5_e2_l1k_r1p1,0.41286379453225386,0.0061532,4360
AdaBoostRegressor_ScikitLearn,0.3784436420556859,0.0319277,127536
XGBoostRegressor_XGBoost,0.3720843023031545,0.0202509,177704
RandomForestRegressor_ScikitLearn,0.3695949386043799,0.1035011,133656
