model,accuracy,time,memory
MAGDS,0.8552631578947368,0.0936578,40
MAGDS_sh_f0_w1_t0e5_e2_l1k_r1p1,0.756578947368421,0.0246739,40
MAGDS_sh_f0_w0_t0e5_e2_l1k_r1p1,0.756578947368421,0.0326243,40
MAGDS_sh_f1_w1_t0e5_e2_l1k_r1p1,0.6710526315789473,0.0924046,40
MAGDS_sh_f1_w0_t0e5_e2_l1k_r1p1,0.6710526315789473,0.0933559,40
MAGDS_sh_f1_w1_t0e5_e1_l1k_r1p1,0.5526315789473684,0.093596,40
