model,nrmse,time,memory
MAGDS_sh_f0_w1_t0e5_e2_l1k_r1p1,0.8666952870588497,0.0187691,40
MAGDS_sh_f0_w0_t0e5_e2_l1k_r1p1,0.865006419375747,0.0188535,40
MAGDS_sh_f1_w1_t0e5_e1_l1k_r1p1,0.7396791630048636,0.0793849,40
MAGDS_sh_f1_w1_t0e5_e2_l1k_r1p1,0.7185820361283595,0.0830219,40
MAGDS_sh_f1_w0_t0e5_e2_l1k_r1p1,0.7127298958053043,0.0801833,40
MAGDS,0.6220139507770537,0.0891095,40
