model,accuracy,time,memory
RandomForestClassifier_ScikitLearn,0.6791666666666667,0.2856076,510968
XGBoostClassifier_XGBoost,0.6666666666666667,0.6794107,615656
DecisionTreeClassifier_BetaML,0.6333333333333333,0.4749825,153585616
MAGDS_sh_f1_w1_t0e5_e2_l1k_r1p1,0.6145833333333333,0.4928284,4352
MAGDS_sh_f1_w0_t0e5_e2_l1k_r1p1,0.6145833333333333,0.484556,4352
AdaBoostClassifier_ScikitLearn,0.575,0.1037024,505304
MAGDS_sh_f0_w1_t0e5_e2_l1k_r1p1,0.5604166666666667,0.1509379,4352
MAGDS_sh_f0_w0_t0e5_e2_l1k_r1p1,0.5604166666666667,0.1538125,4352
MAGDS_sh_f1_w1_t0e5_e1_l1k_r1p1,0.54375,0.4739219,4352
