model,nrmse,time,memory
DecisionTreeRegressor_BetaML,0.988856861445801,0.0863061,138328928
AdaBoostRegressor_ScikitLearn,0.7900200445360612,0.1041633,845600
MAGDS_sh_f0_w1_t0e5_e2_l1k_r1p1,0.7808556602140116,0.0966615,48
MAGDS_sh_f0_w0_t0e5_e2_l1k_r1p1,0.7718852831898718,0.0924396,48
MAGDS_sh_f1_w1_t0e5_e1_l1k_r1p1,0.7629653608276015,0.3647813,48
MAGDS_sh_f1_w1_t0e5_e2_l1k_r1p1,0.7101783777042731,0.3956435,48
MAGDS_sh_f1_w0_t0e5_e2_l1k_r1p1,0.7001105359741595,0.3962429,48
RandomForestRegressor_ScikitLearn,0.6304788491124891,0.5566141,851720
XGBoostRegressor_XGBoost,0.6040483163288216,0.3066994,18752822
