model,accuracy,time,memory
RandomForestClassifier_ScikitLearn,0.7041666666666666,0.2292246,510968
XGBoostClassifier_XGBoost,0.6666666666666667,0.6147168,615656
DecisionTreeClassifier_BetaML,0.6333333333333333,0.3914173,153586496
MAGDS_sh_f1_w1_t0e5_e2_l1k_r1p1,0.6145833333333333,0.4688261,4352
MAGDS_sh_f1_w0_t0e5_e2_l1k_r1p1,0.6145833333333333,0.4502433,4352
AdaBoostClassifier_ScikitLearn,0.575,0.0944005,505304
MAGDS_sh_f0_w1_t0e5_e2_l1k_r1p1,0.5604166666666667,0.1388766,4352
MAGDS_sh_f0_w0_t0e5_e2_l1k_r1p1,0.5604166666666667,0.1383149,4352
MAGDS_sh_f1_w1_t0e5_e1_l1k_r1p1,0.54375,0.4437777,4352
