model,accuracy,time,memory
MAGDS,0.6333333333333333,0.5527448,40
MAGDS_sh_f1_w1_t0e5_e2_l1k_r1p1,0.6145833333333333,0.6006554,40
MAGDS_sh_f1_w0_t0e5_e2_l1k_r1p1,0.6145833333333333,0.597755,40
MAGDS_sh_f0_w1_t0e5_e2_l1k_r1p1,0.5604166666666667,0.3159501,40
MAGDS_sh_f0_w0_t0e5_e2_l1k_r1p1,0.5604166666666667,0.3191025,40
MAGDS_sh_f1_w1_t0e5_e1_l1k_r1p1,0.54375,0.6127256,40
