model,nrmse,time,memory
MAGDS_sh_f0_w1_t0e5_e2_l1k_r1p1,0.780855919490809,0.0822105,48
MAGDS_sh_f0_w0_t0e5_e2_l1k_r1p1,0.7720591673610184,0.0827096,48
MAGDS_sh_f1_w1_t0e5_e1_l1k_r1p1,0.762965368056336,0.3432634,48
MAGDS_sh_f1_w1_t0e5_e2_l1k_r1p1,0.7101782556658308,0.3437976,48
MAGDS_sh_f1_w0_t0e5_e2_l1k_r1p1,0.700110516106965,0.3468469,48
MAGDS,0.648785556047346,0.3584682,48
