model,rmse,time,memory
DecisionTreeRegressor_BetaML,0.18788280367470214,0.0891382,138323456
AdaBoostRegressor_ScikitLearn,0.15362809549396636,0.1101141,840128
MAGDS_sh_f0_w1_t0e5_e2_l1k_r1p1,0.14836270362011214,0.0954546,4360
MAGDS_sh_f0_w0_t0e5_e2_l1k_r1p1,0.1466606964952929,0.0936653,4360
MAGDS_sh_f1_w1_t0e5_e1_l1k_r1p1,0.14496341854765654,0.4076707,4360
MAGDS_sh_f1_w1_t0e5_e2_l1k_r1p1,0.13493418468609264,0.418111,4360
MAGDS_sh_f1_w0_t0e5_e2_l1k_r1p1,0.1330210021452398,0.4386297,4360
RandomForestRegressor_ScikitLearn,0.11987850707417617,0.5418278,846248
XGBoostRegressor_XGBoost,0.11476918010247607,0.1694984,961000
