model,rmse,time,memory
DecisionTreeRegressor_BetaML,0.18788280367470214,0.0963891,138323456
MAGDS_sh_f0_w1_t0e5_e2_l1k_r1p1,0.14835855581480348,0.0904203,4360
MAGDS_sh_f0_w0_t0e5_e2_l1k_r1p1,0.14669104632072683,0.0856318,4360
MAGDS_sh_f1_w1_t0e5_e1_l1k_r1p1,0.14496341813782898,0.4045515,4360
AdaBoostRegressor_ScikitLearn,0.14387563042526935,0.1038209,840128
MAGDS_sh_f1_w1_t0e5_e2_l1k_r1p1,0.13493389177378362,0.4173426,4360
MAGDS_sh_f1_w0_t0e5_e2_l1k_r1p1,0.1330209983661091,0.415746,4360
RandomForestRegressor_ScikitLearn,0.12101426560189779,0.5109606,846248
XGBoostRegressor_XGBoost,0.11476918010247607,0.1546969,961000
