model,accuracy,time,memory
RandomForestClassifier_ScikitLearn,0.70625,0.2777899,506664
XGBoostClassifier_XGBoost,0.6666666666666667,0.8725534,8273355
DecisionTreeClassifier_BetaML,0.6333333333333333,0.6515632,162709145
MAGDS_sh_f1_w1_t0e5_e2_l1k_r1p1,0.6145833333333333,0.5630191,40
MAGDS_sh_f1_w0_t0e5_e2_l1k_r1p1,0.6145833333333333,0.5989659,40
AdaBoostClassifier_ScikitLearn,0.575,0.1159985,499720
MAGDS_sh_f0_w1_t0e5_e2_l1k_r1p1,0.5604166666666667,0.1880284,40
MAGDS_sh_f0_w0_t0e5_e2_l1k_r1p1,0.5604166666666667,0.1701897,40
MAGDS_sh_f1_w1_t0e5_e1_l1k_r1p1,0.54375,0.5067166,40
