model,rmse,time,memory
DecisionTreeRegressor_BetaML,0.18788280367470214,0.0817196,138323456
AdaBoostRegressor_ScikitLearn,0.1519881300106635,0.0947652,840128
MAGDS_sh_f0_w1_t0e5_e2_l1k_r1p1,0.1466921104752802,0.0872068,4360
MAGDS_sh_f0_w0_t0e5_e2_l1k_r1p1,0.14666297709003914,0.0870405,4360
MAGDS_sh_f1_w1_t0e5_e1_l1k_r1p1,0.14271040683400824,0.36719,4360
MAGDS_sh_f1_w0_t0e5_e2_l1k_r1p1,0.13236970869246495,0.3539491,4360
MAGDS_sh_f1_w1_t0e5_e2_l1k_r1p1,0.13236963758707332,0.3586955,4360
RandomForestRegressor_ScikitLearn,0.1212611981942286,0.5639465,846696
XGBoostRegressor_XGBoost,0.11476918010247607,0.3177428,22868829
