model,nrmse,time,memory
MAGDS_sh_f0_w1_t0e5_e2_l1k_r1p1,0.34385539696852563,0.0166722,48
MAGDS_sh_f0_w0_t0e5_e2_l1k_r1p1,0.33812558011280036,0.0168114,48
MAGDS_sh_f1_w1_t0e5_e1_l1k_r1p1,0.32740524153931655,0.0243759,48
MAGDS,0.323279532912,0.0266656,48
MAGDS_sh_f1_w1_t0e5_e2_l1k_r1p1,0.3199410437276813,0.0222305,48
MAGDS_sh_f1_w0_t0e5_e2_l1k_r1p1,0.31825845589098034,0.0226062,48
