model,rmse,time,memory
NeuralNetworkRegressor_MLJFlux,441.7641820298766,0.8029404,831924840
DecisionTreeRegressor_BetaML,389.5891265166419,0.0063675,6050688
AdaBoostRegressor_ScikitLearn,336.2831116909158,0.0500988,220208
XGBoostRegressor_XGBoost,319.41350155079465,0.1538029,20507006
MAGDS_t00001_e1_w1,308.1813074740976,0.0234062,4168
MAGDS_t98_e2_w1,308.1813074740976,0.0196169,4168
MAGDS_t00001_e1_w05,308.1813074740976,0.020298,4168
MAGDS_t98_e2_w05,308.1813074740976,0.0193738,4168
RandomForestRegressor_ScikitLearn,306.71609429568576,0.1277974,225880
