model,nrmse,time,memory
DecisionTreeRegressor_BetaML,0.4359039177808581,0.0074963,6058352
AdaBoostRegressor_ScikitLearn,0.37701573851966974,0.0608028,227424
XGBoostRegressor_XGBoost,0.35738573600088913,0.1888734,17838003
RandomForestRegressor_ScikitLearn,0.3444560195949262,0.1608869,233544
MAGDS_sh_f0_w1_t0e5_e2_l1k_r1p1,0.3438546534645926,0.0074174,48
MAGDS_sh_f0_w0_t0e5_e2_l1k_r1p1,0.33812558011280036,0.0066885,48
MAGDS_sh_f1_w1_t0e5_e1_l1k_r1p1,0.32740524153931655,0.0143213,48
MAGDS_sh_f1_w1_t0e5_e2_l1k_r1p1,0.3199410437276813,0.0199451,48
MAGDS_sh_f1_w0_t0e5_e2_l1k_r1p1,0.31825845589098034,0.0154582,48
