model,rmse,time,memory
DecisionTreeRegressor_BetaML,389.5891265166419,0.0069589,6050688
NeuralNetworkRegressor_MLJFlux,381.3161330803264,0.8001269,831892728
AdaBoostRegressor_ScikitLearn,324.7293178216862,0.05006,219760
XGBoostRegressor_XGBoost,319.41350155079465,0.0372271,279376
async_magds,308.1813074740976,0.0207221,4168
RandomForestRegressor_ScikitLearn,301.68868370391357,0.1283728,225880
sync_magds,287.2089411433279,0.0101375,4168
