model,accuracy,time,memory
MAGDS_t00001_e1_w1,1.0,0.0486705,4168
MAGDS_t98_e2_w1,1.0,0.0258733,4168
MAGDS_t00001_e1_w05,1.0,0.0377958,4168
MAGDS_t98_e2_w05,1.0,0.0289755,4168
DecisionTreeClassifier_BetaML,0.99,3.2834635,549231142
RandomForestClassifier_ScikitLearn,0.99,0.2847965,24604749
XGBoostClassifier_XGBoost,0.99,1.0015695,151693619
AdaBoostClassifier_ScikitLearn,0.72,0.1555454,6113860
NeuralNetworkClassifier_MLJFlux,0.48,16.1790427,2111653706
