model,rmse,time,memory
DecisionTreeRegressor_BetaML,389.5891265166419,0.0082678,6055952
AdaBoostRegressor_ScikitLearn,337.6722554922806,0.0494561,225024
MAGDS_sh_f0_w1_t0e5_e2_l1k_r1p1,327.3789925304502,0.0081699,4360
MAGDS_sh_f0_w0_t0e5_e2_l1k_r1p1,321.92372939906176,0.0080788,4360
XGBoostRegressor_XGBoost,319.41350155079465,0.0380756,284640
MAGDS_sh_f1_w1_t0e5_e1_l1k_r1p1,311.7170737155574,0.0131538,4360
MAGDS_sh_f1_w1_t0e5_e2_l1k_r1p1,304.61053538239634,0.0194811,4360
MAGDS_sh_f1_w0_t0e5_e2_l1k_r1p1,303.00857154620394,0.0154243,4360
RandomForestRegressor_ScikitLearn,301.00562079469546,0.1286156,231144
