model,accuracy,time,memory
MAGDS,0.98,0.0225138,40
MAGDS_sh_f1_w1_t0e5_e2_l1k_r1p1,0.97,0.0684917,40
MAGDS_sh_f1_w0_t0e5_e2_l1k_r1p1,0.97,0.0206284,40
MAGDS_sh_f1_w1_t0e5_e1_l1k_r1p1,0.97,0.0189132,40
MAGDS_sh_f0_w1_t0e5_e2_l1k_r1p1,0.79,0.0081544,40
MAGDS_sh_f0_w0_t0e5_e2_l1k_r1p1,0.77,0.0080677,40
