model,rmse,time,memory
DecisionTreeRegressor_BetaML,389.5891265166419,0.0078887,6055952
AdaBoostRegressor_ScikitLearn,330.5931213644788,0.0521065,225904
MAGDS_sh_f0_w1_t0e5_e2_l1k_r1p1,327.37508283104665,0.0088393,4360
MAGDS_sh_f0_w0_t0e5_e2_l1k_r1p1,321.9013385524653,0.0080153,4360
XGBoostRegressor_XGBoost,319.41350155079465,0.0406426,284640
MAGDS_sh_f1_w1_t0e5_e1_l1k_r1p1,311.7170737155574,0.0147027,4360
MAGDS_sh_f1_w1_t0e5_e2_l1k_r1p1,304.61053538239634,0.0192088,4360
RandomForestRegressor_ScikitLearn,304.22572931131253,0.1332121,231144
MAGDS_sh_f1_w0_t0e5_e2_l1k_r1p1,303.00857154620394,0.0150808,4360
