model,rmse,time,memory
DecisionTreeRegressor_BetaML,85.62683174977666,8.0053687,1.010225268e10
AdaBoostRegressor_ScikitLearn,75.0329409159198,2.87074526,537673.6
MAGDS_sh_f1_w1_t0e5_e1_l1k_r1p1,72.84454483138055,3.35949776,4345.6
MAGDS_sh_f1_w1_t0e5_e2_l1k_r1p1,71.65561775616054,8.019245399999999,260494.4
MAGDS_sh_f0_w1_t0e5_e2_l1k_r1p1,70.39107293185285,4.855793759999999,1.186729984e8
MAGDS_sh_f1_w0_t0e5_e2_l1k_r1p1,68.69931381369572,7.885297379999999,4387.2
MAGDS_sh_f0_w0_t0e5_e2_l1k_r1p1,67.18204127857703,7.5521394,29032.0
RandomForestRegressor_ScikitLearn,66.61119374817898,13.41500398,1.191880512e8
XGBoostRegressor_XGBoost,65.94327250727471,17.86784174,1.467121936e8
