model,accuracy,time,memory
MAGDS_sh_f0_w1_t0e5_e2_l1k_r1p1,0.8410087083220557,2.957664416666667,40.0
MAGDS_sh_f0_w0_t0e5_e2_l1k_r1p1,0.8030092298295495,2.44992325,40.0
MAGDS,0.7875234738032529,6.366281483333335,40.0
MAGDS_sh_f1_w1_t0e5_e2_l1k_r1p1,0.7555765729815708,6.912422733333334,40.0
MAGDS_sh_f1_w1_t0e5_e1_l1k_r1p1,0.7134698716856804,6.87141745,40.0
MAGDS_sh_f1_w0_t0e5_e2_l1k_r1p1,0.6764106059664367,6.768843633333332,40.0
