model,nrmse,time,memory
MAGDS_sh_f0_w0_t0e5_e2_l1k_r1p1,0.5839017786625729,2.703039,45.333333333333336
MAGDS_sh_f0_w1_t0e5_e2_l1k_r1p1,0.5746651080073989,2.662061,45.333333333333336
MAGDS_sh_f1_w0_t0e5_e2_l1k_r1p1,0.5467921909043634,5.9243825333333335,45.333333333333336
MAGDS,0.5199291028144618,6.122223083333332,45.333333333333336
MAGDS_sh_f1_w1_t0e5_e1_l1k_r1p1,0.5137153332602057,6.082468900000001,45.333333333333336
MAGDS_sh_f1_w1_t0e5_e2_l1k_r1p1,0.4610714375224109,6.225480683333331,154235.66666666666
