model,accuracy,time,memory
RandomForestClassifier_ScikitLearn,0.865410748052341,69.16881242,1.47670032e8
XGBoostClassifier_XGBoost,0.856403185626338,3.3230231599999995,853412.8
DecisionTreeClassifier_BetaML,0.8306105938882787,2.35490808,2.774315248e8
MAGDS_sh_f0_w1_t0e5_e2_l1k_r1p1,0.8127919992509206,9.281007679999998,8.7921840608e9
MAGDS_sh_f0_w0_t0e5_e2_l1k_r1p1,0.8078508418773307,2.9716498600000003,37244.8
MAGDS_sh_f1_w1_t0e5_e2_l1k_r1p1,0.7798424723732065,9.0761656,147251.2
MAGDS_sh_f1_w0_t0e5_e2_l1k_r1p1,0.7308422085959159,9.09781446,4342.4
MAGDS_sh_f1_w1_t0e5_e1_l1k_r1p1,0.7044997447035836,8.75783788,4524.8
AdaBoostClassifier_ScikitLearn,0.6586604257238674,2.30480074,1.177895792e8
