model,accuracy,time,memory
RandomForestClassifier_ScikitLearn,0.8251730674684215,0.23708565000000004,2.535084e6
XGBoostClassifier_XGBoost,0.8206865970804025,0.7350790500000001,622218.0
DecisionTreeClassifier_BetaML,0.791420656531276,0.7653530749999998,1.9989949e8
MAGDS_sh_f0_w1_t0e5_e2_l1k_r1p1,0.7612014267075107,0.303807125,33174.0
MAGDS_sh_f0_w0_t0e5_e2_l1k_r1p1,0.7612014267075107,0.281592375,45402.0
MAGDS_sh_f1_w1_t0e5_e2_l1k_r1p1,0.7506248581801678,0.9234281249999999,156748.0
MAGDS_sh_f1_w0_t0e5_e2_l1k_r1p1,0.696423469291279,0.9657330000000001,4344.0
MAGDS_sh_f1_w1_t0e5_e1_l1k_r1p1,0.675036660426594,0.8836592499999999,4352.0
AdaBoostClassifier_ScikitLearn,0.638628673133651,0.18269425,379232.0
