model,nrmse,time,memory
DecisionTreeRegressor_BetaML,0.5996327985967913,9.12460978,1.01209777964e10
MAGDS_sh_f0_w0_t0e5_e2_l1k_r1p1,0.5340421250980203,2.95936254,707358.4
MAGDS_sh_f0_w1_t0e5_e2_l1k_r1p1,0.5252526735008543,4.123908439999999,3.5676374e6
MAGDS_sh_f1_w0_t0e5_e2_l1k_r1p1,0.5083223970187235,8.589365319999999,4.40426774e7
AdaBoostRegressor_ScikitLearn,0.4957737419711313,5.014421480000001,1.19378943e8
MAGDS_sh_f1_w1_t0e5_e1_l1k_r1p1,0.47983248886910923,8.56534748,185074.8
MAGDS_sh_f1_w1_t0e5_e2_l1k_r1p1,0.46795682899136254,9.567212719999999,4.41019746e7
RandomForestRegressor_ScikitLearn,0.4165933512130337,15.34320568,1.539781756e8
XGBoostRegressor_XGBoost,0.4083010916427595,23.131639,2.03124712e8
