model,accuracy,time,memory
XGBoostClassifier_XGBoost,0.8665081499130171,83.54698418000001,2.618281162e8
MAGDS_sh_f0_w1_t0e5_e2_l1k_r1p1,0.856403185626338,4.3638916,2.54669558e7
RandomForestClassifier_ScikitLearn,0.8326398122958754,3.47904774,3.778097926e8
DecisionTreeClassifier_BetaML,0.808347554806476,11.693256439999999,8.7982973304e9
MAGDS_sh_f0_w0_t0e5_e2_l1k_r1p1,0.8078508418773307,3.7559689600000006,32881.6
MAGDS_sh_f1_w1_t0e5_e2_l1k_r1p1,0.7798424723732067,11.011507060000001,121659.2
MAGDS_sh_f1_w1_t0e5_e1_l1k_r1p1,0.7308422085959159,10.9766658,40.0
MAGDS_sh_f1_w0_t0e5_e2_l1k_r1p1,0.7044997447035835,10.64425174,40.0
AdaBoostClassifier_ScikitLearn,0.6586604257238674,2.89534746,1.201610152e8
