model,rmse,time,memory
DecisionTreeRegressor_BetaML,97.6033274204349,0.11459175,1.72017358e8
AdaBoostRegressor_ScikitLearn,82.84030222143714,0.07043895,880166.0
MAGDS_sh_f1_w1_t0e5_e1_l1k_r1p1,82.03223244728038,0.7278619000000001,4352.0
MAGDS_sh_f1_w1_t0e5_e2_l1k_r1p1,80.65120775625071,0.7259538750000001,324530.0
MAGDS_sh_f0_w1_t0e5_e2_l1k_r1p1,80.0239561013252,0.215948425,74430.0
MAGDS_sh_f1_w0_t0e5_e2_l1k_r1p1,78.09344660895816,0.8212796,39244.0
MAGDS_sh_f0_w0_t0e5_e2_l1k_r1p1,76.30609220291039,0.221043925,47752.0
RandomForestRegressor_ScikitLearn,76.19987589451264,0.591126025,916852.0
XGBoostRegressor_XGBoost,75.89112386348856,0.154358025,957280.0
