model,nrmse,time,memory
MAGDS_sh_f0_w0_t0e5_e2_l1k_r1p1,0.26998637830100064,13.6500893,40
MAGDS_sh_f0_w1_t0e5_e2_l1k_r1p1,0.26537882278671554,13.2870579,40
MAGDS_sh_f1_w0_t0e5_e2_l1k_r1p1,0.26215071003725926,34.7347847,40
MAGDS,0.23263534017497864,33.6698737,40
MAGDS_sh_f1_w1_t0e5_e1_l1k_r1p1,0.22884290420546047,35.6492523,40
MAGDS_sh_f1_w1_t0e5_e2_l1k_r1p1,0.22558415397404874,34.3250579,40
