model,rmse,time,memory
MAGDS_sh_f0_w0_t0e5_e2_l1k_r1p1,36.71252704560811,13.6066442,4176
MAGDS_sh_f0_w1_t0e5_e2_l1k_r1p1,36.091550257643405,13.6107299,4176
MAGDS_sh_f1_w0_t0e5_e2_l1k_r1p1,35.65258671361454,35.0460254,4176
MAGDS_sh_f1_w1_t0e5_e1_l1k_r1p1,31.122975290648125,35.2857457,4176
MAGDS_sh_f1_w1_t0e5_e2_l1k_r1p1,30.6795687492726,34.8244157,75496
