model,accuracy,time,memory
XGBoostClassifier_XGBoost,1.0,334.8156487,724523368
RandomForestClassifier_ScikitLearn,0.997954711468225,8.0315636,587452720
DecisionTreeClassifier_BetaML,0.9969320672023375,45.5692924,43960896208
sync_magds,0.9846603360116873,13.8551688,4160
async_magds,0.7918188458729,102.9508455,722142
AdaBoostClassifier_ScikitLearn,0.7387874360847334,10.5967488,726257272
NeuralNetworkClassifier_MLJFlux,0.23769174579985386,3699.6589575,1767548113446
