model,nrmse,time,memory
DecisionTreeRegressor_BetaML,0.27735918431723333,45.1851176,49916803766
MAGDS_sh_f0_w0_t0e5_e2_l1k_r1p1,0.270024583223925,14.516474,40
MAGDS_sh_f0_w1_t0e5_e2_l1k_r1p1,0.2653819330432632,17.7031315,40
MAGDS_sh_f1_w0_t0e5_e2_l1k_r1p1,0.26214826950398673,37.8528877,40
AdaBoostRegressor_ScikitLearn,0.23629028939265276,24.3053296,596894523
MAGDS_sh_f1_w1_t0e5_e1_l1k_r1p1,0.22884290420546047,39.6514526,40
MAGDS_sh_f1_w1_t0e5_e2_l1k_r1p1,0.22558480172975284,44.9884667,40
RandomForestRegressor_ScikitLearn,0.21680560372965707,74.5139474,621918696
XGBoostRegressor_XGBoost,0.20691477551179774,112.034951,796080595
