model,accuracy,time,memory
XGBoostClassifier_XGBoost,1.0,343.4134067,729733745
MAGDS_sh_f0_w1_t0e5_e2_l1k_r1p1,0.9992695398100804,14.0686504,45319760
RandomForestClassifier_ScikitLearn,0.9975164353542731,8.1266844,587671624
DecisionTreeClassifier_BetaML,0.9969320672023375,43.9697875,43960909312
MAGDS_sh_f0_w0_t0e5_e2_l1k_r1p1,0.9944485025566107,14.2942719,5667936
MAGDS_sh_f1_w1_t0e5_e2_l1k_r1p1,0.8967129291453616,40.2568924,1841864
MAGDS_sh_f1_w1_t0e5_e1_l1k_r1p1,0.8685171658144631,40.0458345,207352
MAGDS_sh_f1_w0_t0e5_e2_l1k_r1p1,0.8223520818115413,41.7952982,256640
AdaBoostClassifier_ScikitLearn,0.7387874360847334,11.1239291,591601512
