model,rmse,time,memory
DecisionTreeRegressor_BetaML,37.72084906714373,39.4890973,49823195152
MAGDS_sh_f0_w0_t0e5_e2_l1k_r1p1,36.72645412277684,14.0126171,4352
MAGDS_sh_f0_w1_t0e5_e2_l1k_r1p1,36.09155632937036,13.9031482,4320
MAGDS_sh_f1_w0_t0e5_e2_l1k_r1p1,35.65256417649909,36.7895286,4352
AdaBoostRegressor_ScikitLearn,31.860628042085818,23.6855044,592231504
MAGDS_sh_f1_w1_t0e5_e1_l1k_r1p1,31.122782835009772,36.1317684,4352
MAGDS_sh_f1_w1_t0e5_e2_l1k_r1p1,30.6794806545994,36.8908177,4320
RandomForestRegressor_ScikitLearn,29.468156968319487,64.9814567,592455584
XGBoostRegressor_XGBoost,28.14041,88.5556565,729498944
