model,rmse,time,memory
MAGDS_t00001_e1_w1,36.69144834018166,93.0898802,4176
