model,accuracy,time,memory
MAGDS_sh_f0_w1_t0e5_e2_l1k_r1p1,0.9992695398100804,13.9881375,40
MAGDS_sh_f0_w0_t0e5_e2_l1k_r1p1,0.9944485025566107,13.4866466,40
MAGDS,0.9015339663988313,37.023518,40
MAGDS_sh_f1_w1_t0e5_e2_l1k_r1p1,0.8967129291453616,38.1524911,40
MAGDS_sh_f1_w1_t0e5_e1_l1k_r1p1,0.8685171658144631,37.9792172,40
MAGDS_sh_f1_w0_t0e5_e2_l1k_r1p1,0.8223520818115413,37.1458848,40
