model,rmse,time,memory
DecisionTreeRegressor_BetaML,37.72084906714373,39.6282472,49823195120
MAGDS_sh_f0_w0_t0e5_e2_l1k_r1p1,36.72252380440887,13.6745585,48544
MAGDS_sh_f0_w1_t0e5_e2_l1k_r1p1,36.09148954031768,13.6473879,3274632
MAGDS_sh_f1_w0_t0e5_e2_l1k_r1p1,35.65200689056725,35.7989849,4592
AdaBoostRegressor_ScikitLearn,31.817212984372283,19.1785522,592231752
MAGDS_sh_f1_w1_t0e5_e1_l1k_r1p1,31.12290488018678,35.5040179,212680
MAGDS_sh_f1_w1_t0e5_e2_l1k_r1p1,30.679154464012445,36.5235325,170768
RandomForestRegressor_ScikitLearn,29.499502732222435,64.8379188,592455832
XGBoostRegressor_XGBoost,28.14041,91.4090979,729649072
