model,rmse,time,memory
sync_magds,42.57706457765344,15.3446433,722134
async_magds,41.26326778236171,104.5299389,722262
DecisionTreeRegressor_BetaML,37.72084906714373,45.7371199,50058037821
AdaBoostRegressor_ScikitLearn,32.93338625907701,34.1797563,716753533
NeuralNetworkRegressor_MLJFlux,32.418941211865295,3115.4517508,2342245483986
RandomForestRegressor_ScikitLearn,29.513409385112972,70.7156171,797510952
XGBoostRegressor_XGBoost,28.14041,100.1983389,983466134
