model,accuracy,time,memory
XGBoostClassifier_XGBoost,1.0,412.3860096,734848687
MAGDS_sh_f0_w1_t0e5_e2_l1k_r1p1,0.9992695398100804,17.0269551,40
RandomForestClassifier_ScikitLearn,0.9975164353542731,9.9890476,587433576
DecisionTreeClassifier_BetaML,0.9969320672023375,57.0574614,43991371132
MAGDS_sh_f0_w0_t0e5_e2_l1k_r1p1,0.9944485025566107,17.4306699,40
MAGDS_sh_f1_w1_t0e5_e2_l1k_r1p1,0.8967129291453616,51.0243236,40
MAGDS_sh_f1_w1_t0e5_e1_l1k_r1p1,0.8685171658144631,50.6986355,40
MAGDS_sh_f1_w0_t0e5_e2_l1k_r1p1,0.8223520818115413,49.341772,40
AdaBoostClassifier_ScikitLearn,0.7387874360847334,13.4869403,587426632
