model,rmse,time,memory
sync_magds,41.41022482713354,17.2778962,4160
async_magds,41.076733411476226,98.2843125,4288
DecisionTreeRegressor_BetaML,36.34027812858773,41.700424,51453938632
NeuralNetworkRegressor_MLJFlux,34.33184453443692,1945.6588575,2341428810173
AdaBoostRegressor_ScikitLearn,32.43757322127765,56.0192289,596920593
RandomForestRegressor_ScikitLearn,28.73823159000932,68.9787307,622038374
XGBoostRegressor_XGBoost,27.740839,89.796479,790958113
