model,accuracy,time,memory
XGBoostClassifier_XGBoost,1.0,345.0250365,728209808
MAGDS_sh_f0_w1_t0e5_e2_l1k_r1p1,0.9992695398100804,13.8916297,1740536
RandomForestClassifier_ScikitLearn,0.9973703433162893,8.5389512,587619888
DecisionTreeClassifier_BetaML,0.9969320672023375,45.3859327,43960902928
MAGDS_sh_f0_w0_t0e5_e2_l1k_r1p1,0.9944485025566107,13.8291761,4616
MAGDS_sh_f1_w1_t0e5_e2_l1k_r1p1,0.8967129291453616,41.9569455,109264
MAGDS_sh_f1_w1_t0e5_e1_l1k_r1p1,0.8685171658144631,42.0070962,4336
MAGDS_sh_f1_w0_t0e5_e2_l1k_r1p1,0.8223520818115413,40.5259109,4336
AdaBoostClassifier_ScikitLearn,0.7387874360847334,10.8360996,587430968
